id,expected_number_of_strands,actual_number_of_strands,potential_energy
0,1,1,-1.035936
1,1,1,-1.0411294999999998
2,1,1,-0.9778754999999999
12,1,1,-0.9693514999999999
16,1,1,-1.007163
18,1,1,-1.0273045
19,1,1,-1.0453505
20,1,1,-1.053938
38,1,1,-1.0121945
50,1,1,-0.9933695
51,1,1,-1.038602
61,2,1,-0.9174614999999999
62,2,1,-0.8163075
66,2,1,-0.743868
74,3,1,-0.78845
805,3,1,-0.859515
806,3,1,-0.7723264999999999
856,2,1,-0.756777
862,2,1,-0.7917399999999999
1104,3,1,-0.761334
1106,3,1,-0.90633
