id,expected_number_of_strands,actual_number_of_strands,potential_energy
0,1,1,-1.046276
1,1,1,-0.9574905
6,1,1,-1.0111854999999998
7,1,1,-1.029274
12,1,1,-0.982769
13,1,1,-1.0070345
23,1,1,-1.0126995
27,1,1,-1.0150964999999998
29,1,1,-1.032918
30,1,1,-1.046899
37,1,1,-1.0038395
258,2,1,-0.972567
265,2,1,-0.9552115
268,2,1,-0.991136
495,2,1,-0.9772815
496,2,1,-0.9277605
501,2,1,-0.923222
502,2,1,-0.9498285
510,2,1,-0.9887859999999999
