id,expected_number_of_strands,actual_number_of_strands,potential_energy
0,1,1,-0.9702124999999999
1,1,1,-1.0325449999999998
6,1,1,-1.0032675
7,1,1,-0.9876689999999999
12,1,1,-0.992289
24,1,1,-0.9858594999999999
46,2,1,-0.7816259999999999
79,2,1,-0.8157909999999999
