id,cube,convex hull,expected_number_of_strands,actual_number_of_strands,potential_energy
1,44.95844652793623,2.4966893483629367,1,1,-1.002926
23,34.46171768004558,2.1523635572407422,1,1,-0.982945
22,13.888936837955631,2.603317803692162,1,1,-1.0161085
14,11.10178889057336,2.382546464695232,1,1,-1.031714
6,73.8135382969656,2.170788289531116,1,1,-0.989464
7,40.55048629086232,2.277892518638029,1,1,-1.006186
0,46.40247264624676,1.8456593890117068,1,1,-0.9770795
29,30.115894982179004,2.3140224678323804,1,1,-1.0444075
15,80.1049023060793,2.032555742780311,1,1,-0.984003
