id,expected_number_of_strands,actual_number_of_strands,potential_energy
0,1,1,-1.020004
13,1,1,-1.0007975
25,1,1,-1.013577
62,2,1,-0.7422575
64,2,1,-0.9265414999999999
4,1,1,-0.975501
8,1,1,-1.020802
49,2,1,-0.8144015
