id,expected_number_of_strands,actual_number_of_strands,potential_energy
0,1,1,-1.0180725000000002
1,1,1,-0.9970019999999999
7,1,1,-1.002238
8,1,1,-1.045785
13,1,1,-1.0261895
15,1,1,-1.0556130000000001
16,1,1,-1.02636
17,1,1,-0.977281
27,1,1,-1.0494474999999999
28,1,1,-0.9646295
136,2,1,-0.96468
137,2,1,-0.9205045
139,2,1,-0.9172214999999999
166,3,1,-0.8226074999999999
342,3,1,-0.857281
