id,expected_number_of_strands,actual_number_of_strands,potential_energy
0,1,1,-1.0261995000000002
1,1,1,-0.9718249999999999
7,1,1,-1.0039385
8,1,1,-0.9899
14,1,1,-0.9934974999999999
16,1,1,-1.0177525
17,1,1,-0.9887135
23,1,1,-0.9706815
24,1,1,-1.051532
38,1,1,-0.9958064999999999
68,2,1,-0.899386
69,2,1,-0.943682
72,2,1,-0.9130335
75,2,1,-0.95619
76,2,1,-0.8008805
77,2,1,-0.841936
281,3,1,-0.8414675
294,3,1,-0.8401535
321,3,1,-0.8484265
330,3,1,-0.8525315
