id,expected_number_of_strands,actual_number_of_strands,potential_energy
0,1,1,-1.007315
1,1,1,-1.042003
6,1,1,-1.016969
10,1,1,-1.04443
13,1,1,-0.981787
15,1,1,-1.026977
17,1,1,-1.003
18,1,1,-1.0296935
27,2,1,-1.0030465
28,2,1,-0.9679994999999999
31,2,1,-0.7149524999999999
35,3,1,-0.9454795
36,3,1,-0.8525125
52,2,1,-0.969822
269,2,1,-1.013028
270,2,1,-0.9179525
348,2,1,-0.8431985
393,2,1,-0.8798604999999999
1177,2,1,-0.788258
1197,2,1,-0.7610925
1199,2,1,-0.938043
