id,expected_number_of_strands,actual_number_of_strands,potential_energy
0,1,1,-0.9642385
1,1,1,-1.038702
7,1,1,-0.9963569999999999
8,1,1,-1.025443
13,1,1,-1.0027694999999999
14,1,1,-0.997199
19,1,1,-1.0262665
20,1,1,-1.0092575
30,1,1,-1.002
34,1,1,-0.9930595
35,1,1,-1.0105835
40,1,1,-1.045843
41,1,1,-0.9867535
42,1,1,-1.0136075
630,2,1,-0.8133174999999999
636,2,1,-0.9774784999999999
645,2,1,-0.9412769999999999
647,2,1,-0.9201914999999999
1814,2,1,-0.915761
