id,expected_number_of_strands,actual_number_of_strands,potential_energy
0,1,1,-1.057989
2,1,1,-1.031961
3,1,1,-1.0439509999999999
10,1,1,-0.9786485
17,1,1,-1.0168460000000001
37,1,1,-1.017389
38,1,1,-1.023581
44,1,1,-1.028758
45,1,1,-1.0213450000000002
70,2,1,-0.8935775
171,2,1,-0.9106405
185,2,1,-0.915933
186,2,1,-0.8605435
