id,expected_number_of_strands,actual_number_of_strands,potential_energy
0,1,1,-1.006009
3,1,1,-0.9935705
4,1,1,-1.0255990000000001
10,1,1,-0.996382
11,1,1,-1.029073
17,1,1,-0.9950209999999999
18,1,1,-1.032427
28,1,1,-1.024158
32,1,1,-1.027426
