id,expected_number_of_strands,actual_number_of_strands,potential_energy
8,1,1,-1.050046
22,1,1,-1.0305520000000001
23,1,1,-0.9949895
29,1,1,-1.0196675
31,1,1,-1.011325
32,1,1,-0.9659695
38,1,1,-0.9851485
39,1,1,-1.0131755
45,1,1,-1.008153
46,1,1,-0.9870565
1151,2,1,-0.809729
1206,2,1,-0.9452214999999999
1274,2,1,-0.8508439999999999
1419,2,1,-0.9908414999999999
1489,2,1,-0.9215895000000001
