id,expected_number_of_strands,actual_number_of_strands,potential_energy
0,1,1,-0.93777
1,1,1,-0.9793109999999999
2,1,1,-0.9939525
14,1,1,-1.0336224999999999
15,1,1,-1.037072
24,1,1,-1.0137019999999999
28,1,1,-1.003787
29,1,1,-1.0236795
35,1,1,-1.0217225
36,1,1,-1.037434
42,1,1,-0.9967269999999999
43,1,1,-1.0229840000000001
362,2,1,-0.880155
367,2,1,-0.9130515
374,2,1,-0.8878699999999999
379,2,1,-0.9832375
381,2,1,-0.913988
382,2,1,-0.770876
591,2,1,-0.997791
